pizza_category,Total_Sales,Pct_Sales
Classic,220053.100021362,26.91
Chicken,195919.5,23.96
Veggie,193690.451004028,23.68
Supreme,208196.99981308,25.46
